avg,p95,std
0.01647691011428833,0.020024919509887697,0.004773850824906559
